Date,Bond Price,Bitcoin Price,S&P 500
2018-01-01,,13480.01,
2018-01-02,2.46,14781.51,2695.81
2018-01-03,2.44,15098.14,2713.06
2018-01-04,2.46,15144.99,2723.99
2018-01-05,2.47,16960.01,2743.15
2018-01-06,,17098.99,
2018-01-07,,16174.22,
2018-01-08,2.49,14993.74,2747.71
2018-01-09,2.55,14480.99,2751.29
2018-01-10,2.55,14875.18,2748.23
2018-01-11,2.54,13308.06,2767.56
2018-01-12,2.55,13820.0,2786.24
2018-01-13,,14187.95,
2018-01-14,,13656.23,
2018-01-15,,13590.0,
2018-01-16,2.54,11570.01,2776.42
2018-01-17,2.57,11200.01,2802.56
2018-01-18,2.62,11305.53,2798.03
2018-01-19,2.64,11498.99,2810.3
2018-01-20,,12762.8,
2018-01-21,,11518.17,
2018-01-22,2.66,10766.7,2832.97
2018-01-23,2.63,10824.94,2839.13
2018-01-24,2.65,11356.79,2837.54
2018-01-25,2.63,11118.0,2839.25
2018-01-26,2.66,11086.89,2872.87
2018-01-27,,11319.0,
2018-01-28,,11536.0,
2018-01-29,2.7,11123.01,2853.53
2018-01-30,2.73,9995.0,2822.43
2018-01-31,2.72,10099.99,2823.81
2018-02-01,2.78,9014.23,2821.98
2018-02-02,2.84,8787.52,2762.13
2018-02-03,,9240.0,
2018-02-04,,8167.91,
2018-02-05,2.77,6905.19,2648.94
2018-02-06,2.79,7688.46,2695.14
2018-02-07,2.84,7575.75,2681.66
2018-02-08,2.85,8218.1,2581.0
2018-02-09,2.83,8671.01,2619.55
2018-02-10,,8547.49,
2018-02-11,,8072.99,
2018-02-12,2.86,8872.28,2656.0
2018-02-13,2.83,8520.01,2662.94
2018-02-14,2.91,9472.98,2698.63
2018-02-15,2.9,10031.23,2731.2
2018-02-16,2.87,10167.49,2732.22
2018-02-17,,11121.5,
2018-02-18,,10380.04,
2018-02-19,,11140.0,
2018-02-20,2.88,11235.57,2716.26
2018-02-21,2.94,10454.27,2701.33
2018-02-22,2.92,9830.0,2703.96
2018-02-23,2.88,10144.99,2747.3
2018-02-24,,9688.62,
2018-02-25,,9597.99,
2018-02-26,2.86,10300.0,2779.6
2018-02-27,2.9,10566.57,2744.28
2018-02-28,2.87,10307.27,2713.83
2018-03-01,2.81,10895.92,2677.67
2018-03-02,2.86,11000.0,2691.25
2018-03-03,,11432.5,
2018-03-04,,11469.9,
2018-03-05,2.88,11377.54,2720.94
2018-03-06,2.88,10700.0,2728.12
2018-03-07,2.89,9920.0,2726.8
2018-03-08,2.86,9304.9,2738.97
2018-03-09,2.9,9255.0,2786.57
2018-03-10,,8795.44,
2018-03-11,,9533.88,
2018-03-12,2.87,9120.0,2783.02
2018-03-13,2.84,9145.41,2765.31
2018-03-14,2.81,8207.03,2749.48
2018-03-15,2.82,8259.99,2747.33
2018-03-16,2.85,8275.0,2752.01
2018-03-17,,7865.02,
2018-03-18,,8192.0,
2018-03-19,2.85,8589.0,2712.92
2018-03-20,2.89,8900.0,2716.94
2018-03-21,2.89,8891.81,2711.93
2018-03-22,2.83,8715.09,2643.69
2018-03-23,2.82,8927.1,2588.26
2018-03-24,,8531.34,
2018-03-25,,8453.0,
2018-03-26,2.85,8145.0,2658.55
2018-03-27,2.78,7793.61,2612.62
2018-03-28,2.77,7942.72,2605.0
2018-03-29,2.74,7079.99,2640.87
2018-03-30,,6848.01,
2018-03-31,,6928.5,
2018-04-01,,6816.01,
2018-04-02,2.73,7045.01,2581.88
2018-04-03,2.79,7424.9,2614.45
2018-04-04,2.79,6791.68,2644.69
2018-04-05,2.83,6785.85,2662.84
2018-04-06,2.77,6619.01,2604.47
2018-04-07,,6894.01,
2018-04-08,,7020.01,
2018-04-09,2.78,6771.13,2613.16
2018-04-10,2.8,6824.99,2656.87
2018-04-11,2.79,6942.99,2642.19
2018-04-12,2.83,7916.0,2663.99
2018-04-13,2.82,7893.19,2656.3
2018-04-14,,8003.11,
2018-04-15,,8355.25,
2018-04-16,2.83,8048.93,2677.84
2018-04-17,2.82,7892.1,2706.39
2018-04-18,2.87,8152.05,2708.64
2018-04-19,2.92,8274.0,2693.13
2018-04-20,2.96,8866.27,2670.14
2018-04-21,,8915.42,
2018-04-22,,8795.01,
2018-04-23,2.98,8931.3,2670.29
2018-04-24,3.0,9650.0,2634.56
2018-04-25,3.03,8865.98,2639.4
2018-04-26,3.0,9272.11,2666.94
2018-04-27,2.96,8922.55,2669.91
2018-04-28,,9329.99,
2018-04-29,,9389.01,
2018-04-30,2.95,9243.82,2648.05
2018-05-01,2.97,9072.29,2654.8
2018-05-02,2.97,9190.48,2635.67
2018-05-03,2.94,9725.74,2629.73
2018-05-04,2.95,9685.0,2663.42
2018-05-05,,9800.0,
2018-05-06,,9600.0,
2018-05-07,2.95,9356.25,2672.63
2018-05-08,2.97,9177.81,2671.92
2018-05-09,3.0,9300.08,2697.79
2018-05-10,2.97,9010.51,2723.07
2018-05-11,2.97,8403.33,2727.72
2018-05-12,,8475.0,
2018-05-13,,8686.1,
2018-05-14,3.0,8670.0,2730.13
2018-05-15,3.08,8477.46,2711.45
2018-05-16,3.09,8344.0,2722.46
2018-05-17,3.11,8059.0,2720.13
2018-05-18,3.06,8238.51,2712.97
2018-05-19,,8235.6,
2018-05-20,,8516.86,
2018-05-21,3.06,8393.44,2733.01
2018-05-22,3.06,7987.7,2724.44
2018-05-23,3.01,7505.0,2733.29
2018-05-24,2.98,7584.15,2727.76
2018-05-25,2.93,7459.11,2721.33
2018-05-26,,7337.95,
2018-05-27,,7346.64,
2018-05-28,,7107.94,
2018-05-29,2.77,7460.0,2689.86
2018-05-30,2.84,7380.01,2724.01
2018-05-31,2.83,7485.0,2705.27
2018-06-01,2.89,7514.32,2734.62
2018-06-02,,7636.42,
2018-06-03,,7706.37,
2018-06-04,2.94,7487.37,2746.87
2018-06-05,2.92,7612.51,2748.8
2018-06-06,2.97,7655.0,2772.35
2018-06-07,2.93,7684.93,2770.37
2018-06-08,2.93,7618.83,2779.03
2018-06-09,,7496.4,
2018-06-10,,6770.31,
2018-06-11,2.96,6881.0,2782.0
2018-06-12,2.96,6544.99,2786.85
2018-06-13,2.98,6302.32,2775.63
2018-06-14,2.94,6638.49,2782.49
2018-06-15,2.93,6391.22,2779.66
2018-06-16,,6484.29,
2018-06-17,,6447.16,
2018-06-18,2.92,6709.02,2773.75
2018-06-19,2.89,6736.41,2762.59
2018-06-20,2.93,6756.1,2767.32
2018-06-21,2.9,6719.01,2749.76
2018-06-22,2.9,6059.82,2754.88
2018-06-23,,6178.29,
2018-06-24,,6149.99,
2018-06-25,2.87,6246.01,2717.07
2018-06-26,2.88,6074.0,2723.06
2018-06-27,2.83,6132.17,2699.63
2018-06-28,2.84,5851.66,2716.31
2018-06-29,2.85,6202.36,2718.37
2018-06-30,,6383.19,
2018-07-01,,6349.5,
2018-07-02,2.87,6611.79,2726.71
2018-07-03,2.83,6502.62,2713.22
2018-07-04,,6587.47,
2018-07-05,2.84,6532.95,2736.61
2018-07-06,2.82,6600.0,2759.82
2018-07-07,,6753.28,
2018-07-08,,6701.97,
2018-07-09,2.86,6664.01,2784.17
2018-07-10,2.87,6303.7,2793.84
2018-07-11,2.85,6390.04,2774.02
2018-07-12,2.85,6249.75,2798.29
2018-07-13,2.83,6216.29,2801.31
2018-07-14,,6248.65,
2018-07-15,,6348.73,
2018-07-16,2.85,6728.81,2798.43
2018-07-17,2.86,7315.01,2809.55
2018-07-18,2.88,7378.99,2815.62
2018-07-19,2.84,7470.01,2804.49
2018-07-20,2.89,7334.46,2801.83
2018-07-21,,7408.0,
2018-07-22,,7397.8,
2018-07-23,2.96,7720.09,2806.98
2018-07-24,2.95,8385.5,2820.4
2018-07-25,2.94,8157.15,2846.07
2018-07-26,2.98,7931.99,2837.44
2018-07-27,2.96,8184.21,2818.82
2018-07-28,,8228.9,
2018-07-29,,8216.34,
2018-07-30,2.98,8170.01,2802.6
2018-07-31,2.96,7727.27,2816.29
2018-08-01,3.0,7603.99,2813.36
2018-08-02,2.98,7533.92,2827.22
2018-08-03,2.95,7414.08,2840.35
2018-08-04,,7005.0,
2018-08-05,,7030.01,
2018-08-06,2.94,6938.0,2850.4
2018-08-07,2.98,6718.22,2858.45
2018-08-08,2.96,6282.5,2857.7
2018-08-09,2.93,6546.45,2853.58
2018-08-10,2.87,6146.01,2833.28
2018-08-11,,6235.56,
2018-08-12,,6316.01,
2018-08-13,2.88,6253.67,2821.93
2018-08-14,2.89,6195.01,2839.96
2018-08-15,2.86,6269.01,2818.37
2018-08-16,2.87,6315.9,2840.69
2018-08-17,2.87,6585.49,2850.13
2018-08-18,,6396.64,
2018-08-19,,6489.53,
2018-08-20,2.82,6258.74,2857.05
2018-08-21,2.85,6475.89,2862.96
2018-08-22,2.82,6359.99,2861.82
2018-08-23,2.82,6526.36,2856.98
2018-08-24,2.82,6690.88,2874.69
2018-08-25,,6737.52,
2018-08-26,,6709.98,
2018-08-27,2.85,6911.9,2896.74
2018-08-28,2.88,7071.01,2897.52
2018-08-29,2.89,7030.9,2914.04
2018-08-30,2.86,6983.0,2901.13
2018-08-31,2.86,7015.01,2901.52
2018-09-01,,7191.08,
2018-09-02,,7295.0,
2018-09-03,,7256.98,
2018-09-04,2.9,7360.0,2896.72
2018-09-05,2.9,6687.96,2888.6
2018-09-06,2.88,6495.0,2878.05
2018-09-07,2.94,6395.01,2871.68
2018-09-08,,6188.0,
2018-09-09,,6235.01,
2018-09-10,2.94,6300.0,2877.13
2018-09-11,2.98,6282.53,2887.89
2018-09-12,2.97,6326.0,2888.92
2018-09-13,2.97,6485.99,2904.18
2018-09-14,2.99,6478.04,2904.98
2018-09-15,,6518.68,
2018-09-16,,6498.0,
2018-09-17,2.99,6250.7,2888.8
2018-09-18,3.05,6335.7,2904.31
2018-09-19,3.08,6386.94,2907.95
2018-09-20,3.07,6493.11,2930.75
2018-09-21,3.07,6750.0,2929.67
2018-09-22,,6707.33,
2018-09-23,,6696.99,
2018-09-24,3.08,6582.09,2919.37
2018-09-25,3.1,6436.89,2915.56
2018-09-26,3.06,6455.66,2905.97
2018-09-27,3.06,6680.01,2914.0
2018-09-28,3.05,6620.01,2913.98
2018-09-29,,6581.0,
2018-09-30,,6605.0,
2018-10-01,3.09,6572.83,2924.59
2018-10-02,3.05,6498.46,2923.43
2018-10-03,3.15,6466.03,2925.51
2018-10-04,3.19,6547.45,2901.61
2018-10-05,3.23,6593.94,2885.57
2018-10-06,,6552.43,
2018-10-07,,6570.0,
2018-10-08,,6608.07,2884.43
2018-10-09,3.21,6589.48,2880.34
2018-10-10,3.22,6524.56,2785.68
2018-10-11,3.14,6154.69,2728.37
2018-10-12,3.15,6188.01,2767.13
2018-10-13,,6196.0,
2018-10-14,,6183.49,
2018-10-15,3.16,6440.42,2750.79
2018-10-16,3.16,6457.11,2809.92
2018-10-17,3.19,6443.7,2809.21
2018-10-18,3.17,6394.96,2768.78
2018-10-19,3.2,6382.99,2767.78
2018-10-20,,6414.0,
2018-10-21,,6415.88,
2018-10-22,3.2,6407.65,2755.88
2018-10-23,3.17,6395.14,2740.69
2018-10-24,3.1,6415.98,2656.1
2018-10-25,3.14,6395.58,2705.57
2018-10-26,3.08,6404.87,2658.69
2018-10-27,,6409.12,
2018-10-28,,6403.62,
2018-10-29,3.08,6266.0,2641.25
2018-10-30,3.12,6267.63,2682.63
2018-10-31,3.15,6304.18,2711.74
2018-11-01,3.14,6344.0,2740.37
2018-11-02,3.22,6349.8,2723.06
2018-11-03,,6331.96,
2018-11-04,,6423.28,
2018-11-05,3.2,6404.0,2738.31
2018-11-06,3.22,6448.5,2755.45
2018-11-07,3.22,6503.12,2813.89
2018-11-08,3.24,6406.24,2806.83
2018-11-09,3.19,6334.89,2781.01
2018-11-10,,6347.42,
2018-11-11,,6357.6,
2018-11-12,,6327.87,2726.22
2018-11-13,3.14,6259.34,2722.18
2018-11-14,3.12,5605.46,2701.58
2018-11-15,3.11,5579.52,2730.2
2018-11-16,3.08,5512.24,2736.27
2018-11-17,,5504.17,
2018-11-18,,5560.0,
2018-11-19,3.06,4733.5,2690.73
2018-11-20,3.06,4349.23,2641.89
2018-11-21,3.06,4545.11,2649.93
2018-11-22,,4265.36,
2018-11-23,3.05,4283.8,2632.56
2018-11-24,,3774.99,
2018-11-25,,3936.69,
2018-11-26,3.07,3731.32,2673.45
2018-11-27,3.06,3775.0,2682.17
2018-11-28,3.06,4225.03,2743.79
2018-11-29,3.03,4248.0,2737.76
2018-11-30,3.01,3976.0,2760.17
2018-12-01,,4142.01,
2018-12-02,,4103.19,
2018-12-03,2.98,3833.47,2790.37
2018-12-04,2.91,3901.84,2700.06
2018-12-05,,3694.39,
2018-12-06,2.87,3433.26,2695.95
2018-12-07,2.85,3380.01,2633.08
2018-12-08,,3401.0,
2018-12-09,,3531.18,
2018-12-10,2.85,3410.15,2637.72
2018-12-11,2.89,3349.36,2636.78
2018-12-12,2.91,3430.24,2651.07
2018-12-13,2.91,3265.0,2650.54
2018-12-14,2.89,3195.71,2599.95
2018-12-15,,3183.0,
2018-12-16,,3195.0,
2018-12-17,2.86,3496.82,2545.94
2018-12-18,2.82,3667.77,2546.16
2018-12-19,2.77,3682.51,2506.96
2018-12-20,2.79,4075.34,2467.42
2018-12-21,2.79,3839.06,2416.62
2018-12-22,,3980.46,
2018-12-23,,3944.93,
2018-12-24,2.74,4034.0,2351.1
2018-12-25,,3780.0,
2018-12-26,2.81,3809.88,2467.7
2018-12-27,2.77,3589.89,2488.83
2018-12-28,2.72,3888.06,2485.74
2018-12-29,,3729.31,
2018-12-30,,3829.0,
2018-12-31,2.69,3691.86,2506.85
2019-01-01,,3826.1,
2019-01-02,2.66,3890.79,2510.03
2019-01-03,2.56,3787.57,2447.89
2019-01-04,2.67,3820.25,2531.94
2019-01-05,,3798.62,
2019-01-06,,4040.99,
2019-01-07,2.7,4006.01,2549.69
2019-01-08,2.73,3993.86,2574.41
2019-01-09,2.74,4004.12,2584.96
2019-01-10,2.74,3626.12,2596.64
2019-01-11,2.71,3635.69,2596.26
2019-01-12,,3619.41,
2019-01-13,,3514.24,
2019-01-14,2.71,3664.19,2582.61
2019-01-15,2.72,3580.76,2610.3
2019-01-16,2.73,3609.71,2616.1
2019-01-17,2.75,3640.65,2635.96
2019-01-18,2.79,3607.85,2670.71
2019-01-19,,3682.65,
2019-01-20,,3536.19,
2019-01-21,,3531.76,
2019-01-22,2.74,3577.03,2632.9
2019-01-23,2.76,3553.01,2638.7
2019-01-24,2.72,3568.97,2642.33
2019-01-25,2.76,3562.17,2664.76
2019-01-26,,3556.07,
2019-01-27,,3531.02,
2019-01-28,2.75,3429.95,2643.85
2019-01-29,2.72,3397.42,2640.0
2019-01-30,2.7,3437.55,2681.05
2019-01-31,2.63,3411.5,2704.1
2019-02-01,2.7,3437.5,2706.53
2019-02-02,,3468.43,
2019-02-03,,3414.78,
2019-02-04,2.73,3409.57,2724.87
2019-02-05,2.71,3428.4,2737.7
2019-02-06,2.7,3367.36,2731.61
2019-02-07,2.65,3359.0,2706.05
2019-02-08,2.63,3621.99,2707.88
2019-02-09,,3623.73,
2019-02-10,,3648.84,
2019-02-11,2.65,3590.36,2709.8
2019-02-12,2.68,3588.06,2744.73
2019-02-13,2.71,3576.68,2753.03
2019-02-14,2.66,3561.5,2745.73
2019-02-15,2.66,3566.59,2775.6
2019-02-16,,3582.37,
2019-02-17,,3625.08,
2019-02-18,,3867.0,
2019-02-19,2.65,3888.01,2779.76
2019-02-20,2.65,3938.99,2784.7
2019-02-21,2.69,3897.71,2774.88
2019-02-22,2.65,3942.02,2792.67
2019-02-23,,4110.0,
2019-02-24,,3734.22,
2019-02-25,2.67,3818.79,2796.11
2019-02-26,2.64,3799.48,2793.9
2019-02-27,2.69,3799.91,2792.38
2019-02-28,2.73,3792.14,2784.49
2019-03-01,2.76,3806.17,2803.69
2019-03-02,,3809.7,
2019-03-03,,3786.93,
2019-03-04,2.72,3700.72,2792.81
2019-03-05,2.72,3844.59,2789.65
2019-03-06,2.69,3851.89,2771.45
2019-03-07,2.64,3857.05,2748.93
2019-03-08,2.62,3843.12,2743.07
2019-03-09,,3917.0,
2019-03-10,,3900.93,
2019-03-11,2.64,3849.68,2783.3
2019-03-12,2.61,3860.0,2791.52
2019-03-13,2.61,3851.02,2810.92
2019-03-14,2.63,3853.95,2808.48
2019-03-15,2.59,3902.8,2822.48
2019-03-16,,3990.0,
2019-03-17,,3967.01,
2019-03-18,2.6,3970.5,2832.94
2019-03-19,2.61,4000.85,2832.57
2019-03-20,2.54,4031.85,2824.23
2019-03-21,2.54,3972.76,2854.88
2019-03-22,2.44,3983.78,2800.71
2019-03-23,,3983.43,
2019-03-24,,3969.52,
2019-03-25,2.43,3907.53,2798.36
2019-03-26,2.41,3921.45,2818.46
2019-03-27,2.39,4026.53,2805.37
2019-03-28,2.39,4011.17,2815.44
2019-03-29,2.41,4091.01,2834.4
2019-03-30,,4094.14,
2019-03-31,,4094.99,
2019-04-01,2.49,4137.0,2867.19
2019-04-02,2.48,4901.93,2867.24
2019-04-03,2.52,4975.97,2873.4
2019-04-04,2.51,4906.49,2879.39
2019-04-05,2.5,5040.66,2892.74
2019-04-06,,5049.22,
2019-04-07,,5194.79,
2019-04-08,2.52,5285.54,2895.77
2019-04-09,2.51,5187.21,2878.2
2019-04-10,2.48,5318.58,2888.21
2019-04-11,2.51,5041.3,2888.32
2019-04-12,2.56,5078.19,2907.41
2019-04-13,,5066.22,
2019-04-14,,5164.27,
2019-04-15,2.55,5029.99,2905.58
2019-04-16,2.6,5202.9,2907.06
2019-04-17,2.59,5227.0,2900.45
2019-04-18,2.57,5280.49,2905.03
2019-04-19,,5290.36,
2019-04-20,,5319.89,
2019-04-21,,5297.64,
2019-04-22,2.59,5387.6,2907.97
2019-04-23,2.57,5532.75,2933.68
2019-04-24,2.53,5441.9,2927.25
2019-04-25,2.54,5134.81,2926.17
2019-04-26,2.51,5159.51,2939.88
2019-04-27,,5170.6,
2019-04-28,,5155.0,
2019-04-29,2.54,5148.25,2943.03
2019-04-30,2.51,5270.69,2945.83
2019-05-01,2.52,5321.15,2923.73
2019-05-02,2.55,5390.01,2917.52
2019-05-03,2.54,5657.4,2945.64
2019-05-04,,5770.01,
2019-05-05,,5715.86,
2019-05-06,2.51,5687.9,2932.47
2019-05-07,2.45,5748.45,2884.05
2019-05-08,2.49,5948.41,2879.42
2019-05-09,2.45,6153.09,2870.72
2019-05-10,2.47,6343.14,2881.4
2019-05-11,,7219.95,
2019-05-12,,6979.76,
2019-05-13,2.4,7824.93,2811.87
2019-05-14,2.42,7990.92,2834.41
2019-05-15,2.37,8203.32,2850.96
2019-05-16,2.4,7878.96,2876.32
2019-05-17,2.39,7363.69,2859.53
2019-05-18,,7262.4,
2019-05-19,,8200.0,
2019-05-20,2.41,7999.54,2840.23
2019-05-21,2.43,7951.7,2864.36
2019-05-22,2.39,7626.48,2856.27
2019-05-23,2.31,7881.98,2822.24
2019-05-24,2.32,7994.88,2826.06
2019-05-25,,8067.41,
2019-05-26,,8760.03,
2019-05-27,,8783.25,
2019-05-28,2.26,8686.5,2802.39
2019-05-29,2.25,8660.5,2783.02
2019-05-30,2.22,8273.57,2788.86
2019-05-31,2.14,8550.18,2752.06
2019-06-01,,8558.01,
2019-06-02,,8741.17,
2019-06-03,2.07,8015.01,2744.45
2019-06-04,2.12,7688.26,2803.27
2019-06-05,2.12,7766.91,2826.15
2019-06-06,2.12,7812.15,2843.49
2019-06-07,2.09,7992.17,2873.34
2019-06-08,,7938.64,
2019-06-09,,7623.84,
2019-06-10,2.15,8046.13,2886.73
2019-06-11,2.15,7918.2,2885.72
2019-06-12,2.13,8169.01,2879.84
2019-06-13,2.1,8256.0,2891.64
2019-06-14,2.09,8693.98,2886.98
2019-06-15,,8861.33,
2019-06-16,,8996.95,
2019-06-17,2.09,9346.47,2889.67
2019-06-18,2.06,9089.99,2917.75
2019-06-19,2.03,9283.99,2926.46
2019-06-20,2.01,9542.6,2954.18
2019-06-21,2.07,10175.88,2950.46
2019-06-22,,10658.3,
2019-06-23,,10808.53,
2019-06-24,2.02,11040.03,2945.35
2019-06-25,2.0,11736.99,2917.38
2019-06-26,2.05,12902.52,2913.78
2019-06-27,2.01,11127.4,2924.92
2019-06-28,2.0,12317.73,2941.76
2019-06-29,,11913.73,
2019-06-30,,10778.74,
2019-07-01,2.03,10570.62,2964.33
2019-07-02,1.98,10885.01,2973.01
2019-07-03,1.96,12022.61,2995.82
2019-07-04,,11130.95,
2019-07-05,2.04,11038.61,2990.41
2019-07-06,,11187.8,
2019-07-07,,11478.9,
2019-07-08,2.05,12298.31,2975.95
2019-07-09,2.07,12559.46,2979.63
2019-07-10,2.07,12083.13,2993.07
2019-07-11,2.13,11323.95,2999.91
2019-07-12,2.12,11811.99,3013.77
2019-07-13,,11408.1,
2019-07-14,,10190.36,
2019-07-15,2.09,10855.56,3014.3
2019-07-16,2.13,9436.0,3004.04
2019-07-17,2.06,9708.55,2984.42
2019-07-18,2.04,10654.25,2995.11
2019-07-19,2.05,10548.04,2976.61
2019-07-20,,10754.92,
2019-07-21,,10633.54,
2019-07-22,2.05,10304.64,2985.03
2019-07-23,2.08,9833.19,3005.47
2019-07-24,2.05,9751.24,3019.56
2019-07-25,2.08,9880.67,3003.67
2019-07-26,2.08,9841.96,3025.86
2019-07-27,,9468.92,
2019-07-28,,9549.7,
2019-07-29,2.06,9503.32,3020.97
2019-07-30,2.06,9580.0,3013.18
2019-07-31,2.02,10099.0,2980.38
2019-08-01,1.9,10417.24,2953.56
2019-08-02,1.86,10533.07,2932.05
2019-08-03,,10820.75,
2019-08-04,,10997.82,
2019-08-05,1.75,11775.14,2844.74
2019-08-06,1.73,11440.08,2881.77
2019-08-07,1.71,12014.41,2883.98
2019-08-08,1.72,12017.89,2938.09
2019-08-09,1.74,11889.0,2918.65
2019-08-10,,11283.82,
2019-08-11,,11531.95,
2019-08-12,1.65,11387.38,2883.75
2019-08-13,1.68,10855.58,2926.32
2019-08-14,1.59,10105.34,2840.6
2019-08-15,1.52,10280.96,2847.6
2019-08-16,1.55,10368.83,2888.68
2019-08-17,,10218.37,
2019-08-18,,10309.04,
2019-08-19,1.6,10935.67,2923.65
2019-08-20,1.55,10770.99,2900.51
2019-08-21,1.59,10137.75,2924.43
2019-08-22,1.62,10088.89,2922.95
2019-08-23,1.52,10415.01,2847.11
2019-08-24,,10156.0,
2019-08-25,,10148.5,
2019-08-26,1.54,10373.75,2878.38
2019-08-27,1.49,10170.16,2869.16
2019-08-28,1.47,9710.38,2887.94
2019-08-29,1.5,9525.0,2924.58
2019-08-30,1.5,9580.6,2926.46
2019-08-31,,9593.95,
2019-09-01,,9769.64,
2019-09-02,,10405.05,
2019-09-03,1.47,10628.46,2906.27
2019-09-04,1.47,10585.67,2937.78
2019-09-05,1.57,10574.27,2976.0
2019-09-06,1.55,10318.8,2978.71
2019-09-07,,10484.87,
2019-09-08,,10395.17,
2019-09-09,1.63,10310.01,2978.43
2019-09-10,1.72,10090.01,2979.39
2019-09-11,1.75,10169.49,3000.93
2019-09-12,1.79,10437.19,3009.57
2019-09-13,1.9,10381.91,3007.39
2019-09-14,,10360.2,
2019-09-15,,10306.65,
2019-09-16,1.84,10268.77,2997.96
2019-09-17,1.81,10185.14,3005.7
2019-09-18,1.8,10155.26,3006.73
2019-09-19,1.79,10304.94,3006.79
2019-09-20,1.74,10168.44,2992.07
2019-09-21,,9982.39,
2019-09-22,,10035.0,
2019-09-23,1.72,9683.89,2991.78
2019-09-24,1.64,8556.43,2966.6
2019-09-25,1.73,8446.57,2984.87
2019-09-26,1.7,8063.0,2977.62
2019-09-27,1.69,8193.98,2961.79
2019-09-28,,8228.22,
2019-09-29,,8063.06,
2019-09-30,1.68,8305.14,2976.74
2019-10-01,1.65,8323.43,2940.25
2019-10-02,1.6,8396.0,2887.61
2019-10-03,1.54,8241.25,2910.63
2019-10-04,1.52,8159.71,2952.01
2019-10-05,,8152.99,
2019-10-06,,7862.67,
2019-10-07,1.56,8224.82,2938.79
2019-10-08,1.54,8186.73,2893.06
2019-10-09,1.59,8600.0,2919.4
2019-10-10,1.67,8589.01,2938.13
2019-10-11,1.76,8263.64,2970.27
2019-10-12,,8304.1,
2019-10-13,,8280.01,
2019-10-14,,8363.0,2966.15
2019-10-15,1.77,8156.52,2995.68
2019-10-16,1.75,7993.0,2989.69
2019-10-17,1.76,8077.0,2997.95
2019-10-18,1.76,7954.16,2986.2
2019-10-19,,7965.27,
2019-10-20,,8235.44,
2019-10-21,1.8,8214.58,3006.72
2019-10-22,1.78,8008.04,2995.99
2019-10-23,1.77,7473.42,3004.52
2019-10-24,1.77,7439.29,3010.29
2019-10-25,1.8,8704.85,3022.55
2019-10-26,,9281.27,
2019-10-27,,9570.58,
2019-10-28,1.85,9221.96,3039.42
2019-10-29,1.84,9431.27,3036.89
2019-10-30,1.78,9175.77,3046.77
2019-10-31,1.69,9146.75,3037.56
2019-11-01,1.73,9268.0,3066.91
2019-11-02,,9320.0,
2019-11-03,,9215.01,
2019-11-04,1.79,9414.0,3078.27
2019-11-05,1.86,9314.99,3074.62
2019-11-06,1.81,9343.11,3076.78
2019-11-07,1.92,9196.71,3085.18
2019-11-08,1.94,8758.69,3093.08
2019-11-09,,8798.38,
2019-11-10,,9036.82,
2019-11-11,,8720.61,3087.01
2019-11-12,1.92,8823.65,3091.84
2019-11-13,1.88,8765.61,3094.04
2019-11-14,1.82,8630.01,3096.63
2019-11-15,1.84,8460.0,3120.46
2019-11-16,,8488.0,
2019-11-17,,8500.01,
2019-11-18,1.81,8160.73,3122.03
2019-11-19,1.79,8123.36,3120.18
2019-11-20,1.73,8082.96,3108.46
2019-11-21,1.77,7618.76,3103.54
2019-11-22,1.77,7296.45,3110.29
2019-11-23,,7338.92,
2019-11-24,,6906.25,
2019-11-25,1.76,7125.0,3133.64
2019-11-26,1.74,7155.0,3140.52
2019-11-27,1.77,7539.4,3153.63
2019-11-28,,7413.05,
2019-11-29,1.78,7751.29,3140.98
2019-11-30,,7551.7,
2019-12-01,,7413.84,
2019-12-02,1.83,7315.09,3113.87
2019-12-03,1.72,7296.0,3093.2
2019-12-04,1.77,7185.57,3112.76
2019-12-05,1.8,7388.75,3117.43
2019-12-06,1.84,7560.76,3145.91
2019-12-07,,7502.2,
2019-12-08,,7520.0,
2019-12-09,1.83,7332.69,3135.96
2019-12-10,1.85,7215.69,3132.52
2019-12-11,1.79,7275.17,3141.63
2019-12-12,1.9,7194.19,3168.57
2019-12-13,1.82,7249.25,3168.8
2019-12-14,,7059.55,
2019-12-15,,7111.0,
2019-12-16,1.89,6877.04,3191.45
2019-12-17,1.89,6618.62,3192.52
2019-12-18,1.92,7309.12,3191.14
2019-12-19,1.92,7153.99,3205.37
2019-12-20,1.92,7189.87,3221.22
2019-12-21,,7143.01,
2019-12-22,,7550.0,
2019-12-23,1.93,7318.18,3224.01
2019-12-24,1.9,7259.87,3223.38
2019-12-25,,7194.76,
2019-12-26,1.9,7195.0,3239.91
2019-12-27,1.88,7247.35,3240.02
2019-12-28,,7303.7,
2019-12-29,,7378.53,
2019-12-30,1.9,7191.0,3221.29
2019-12-31,1.92,7158.01,3230.78
2020-01-01,,7174.32,
2020-01-02,1.88,6945.01,3257.85
2020-01-03,1.8,7335.54,3234.85
2020-01-04,,7353.5,
2020-01-05,,7348.69,
2020-01-06,1.81,7773.48,3246.28
2020-01-07,1.83,8169.95,3237.18
2020-01-08,1.87,8035.08,3253.05
2020-01-09,1.85,7813.78,3274.7
2020-01-10,1.83,8183.89,3265.35
2020-01-11,,8002.89,
2020-01-12,,8192.66,
2020-01-13,1.85,8109.62,3288.13
2020-01-14,1.82,8757.18,3283.15
2020-01-15,1.79,8831.86,3289.29
2020-01-16,1.81,8727.22,3316.81
2020-01-17,1.84,8875.81,3329.62
2020-01-18,,8901.0,
2020-01-19,,8710.41,
2020-01-20,,8633.67,
2020-01-21,1.78,8730.0,3320.79
2020-01-22,1.77,8665.0,3321.75
2020-01-23,1.74,8386.63,3325.54
2020-01-24,1.7,8424.96,3295.47
2020-01-25,,8304.04,
2020-01-26,,8632.92,
2020-01-27,1.61,8903.24,3243.63
2020-01-28,1.65,9417.64,3276.24
2020-01-29,1.6,9270.0,3273.4
2020-01-30,1.57,9493.61,3283.66
2020-01-31,1.51,9343.28,3225.52
2020-02-01,,9375.06,
2020-02-02,,9314.06,
2020-02-03,1.54,9282.29,3248.92
2020-02-04,1.61,9158.57,3297.59
2020-02-05,1.66,9623.44,3334.69
2020-02-06,1.65,9765.96,3345.78
2020-02-07,1.59,9804.98,3327.71
2020-02-08,,9911.13,
2020-02-09,,10174.81,
2020-02-10,1.56,9854.5,3352.09
2020-02-11,1.59,10279.99,3357.75
2020-02-12,1.62,10344.01,3379.45
2020-02-13,1.61,10239.57,3373.94
2020-02-14,1.59,10380.0,3380.16
2020-02-15,,9901.34,
2020-02-16,,9915.04,
2020-02-17,,9711.95,
2020-02-18,1.55,10191.51,3370.29
2020-02-19,1.56,9591.54,3386.15
2020-02-20,1.52,9610.05,3373.23
2020-02-21,1.46,9697.01,3337.75
2020-02-22,,9668.26,
2020-02-23,,9964.16,
2020-02-24,1.38,9668.08,3225.89
2020-02-25,1.33,9301.01,3128.21
2020-02-26,1.33,8776.01,3116.39
2020-02-27,1.3,8816.71,2978.76
2020-02-28,1.13,8713.16,2954.22
2020-02-29,,8552.08,
2020-03-01,,8490.3,
2020-03-02,1.1,8923.52,3090.23
2020-03-03,1.02,8769.67,3003.37
2020-03-04,1.02,8765.0,3130.12
2020-03-05,0.92,9053.56,3023.94
2020-03-06,0.74,9162.98,2972.37
2020-03-07,,8885.68,
2020-03-08,,8068.0,
2020-03-09,0.54,7945.03,2746.56
2020-03-10,0.76,7887.01,2882.23
2020-03-11,0.82,7957.02,2741.38
2020-03-12,0.88,4980.0,2480.64
2020-03-13,0.94,5592.77,2711.02
2020-03-14,,5182.62,
2020-03-15,,5327.12,
2020-03-16,0.73,5074.2,2386.13
2020-03-17,1.02,5361.77,2529.19
2020-03-18,1.18,5426.71,2398.1
2020-03-19,1.12,6219.99,2409.39
2020-03-20,0.92,6215.4,2304.92
2020-03-21,,6168.72,
2020-03-22,,5791.69,
2020-03-23,0.76,6583.38,2237.4
2020-03-24,0.84,6742.21,2447.33
2020-03-25,0.88,6752.83,2475.56
2020-03-26,0.83,6772.2,2630.07
2020-03-27,0.72,6320.46,2541.47
2020-03-28,,6269.81,
2020-03-29,,5897.55,
2020-03-30,0.7,6401.26,2626.65
2020-03-31,0.7,6434.73,2584.59
2020-04-01,0.62,6719.39,2470.5
2020-04-02,0.63,6789.84,2526.9
2020-04-03,0.62,6727.99,2488.65
2020-04-04,,6896.6,
2020-04-05,,6779.75,
2020-04-06,0.67,7320.07,2663.68
2020-04-07,0.75,7204.58,2659.41
2020-04-08,0.77,7343.65,2749.98
2020-04-09,0.73,7294.69,2789.82
2020-04-10,,6892.54,
2020-04-11,,6891.43,
2020-04-12,,6860.97,
2020-04-13,0.76,6871.0,2761.63
2020-04-14,0.76,6865.72,2846.06
2020-04-15,0.63,6576.76,2783.36
2020-04-16,0.61,7123.29,2799.55
2020-04-17,0.65,7055.22,2874.56
2020-04-18,,7271.53,
2020-04-19,,7125.31,
2020-04-20,0.63,6832.57,2823.16
2020-04-21,0.58,6845.0,2736.56
2020-04-22,0.63,7143.99,2799.31
2020-04-23,0.61,7479.06,2797.8
2020-04-24,0.6,7514.64,2836.74
2020-04-25,,7535.69,
2020-04-26,,7765.79,
2020-04-27,0.67,7773.0,2878.48
2020-04-28,0.62,7774.39,2863.39
2020-04-29,0.63,8789.1,2939.51
2020-04-30,0.64,8652.3,2912.43
2020-05-01,0.64,8813.9,2830.71
2020-05-02,,8992.0,
2020-05-03,,8917.63,
2020-05-04,0.64,8900.29,2842.74
2020-05-05,0.66,9037.69,2868.44
2020-05-06,0.72,9132.24,2848.42
2020-05-07,0.63,10007.56,2881.19
2020-05-08,0.69,9790.23,2929.8
2020-05-09,,9554.91,
2020-05-10,,8773.89,
2020-05-11,0.73,8557.37,2930.32
2020-05-12,0.69,8809.14,2870.12
2020-05-13,0.64,9335.84,2820.0
2020-05-14,0.63,9815.22,2852.5
2020-05-15,0.64,9331.18,2863.7
2020-05-16,,9353.26,
2020-05-17,,9700.33,
2020-05-18,0.73,9733.21,2953.91
2020-05-19,0.7,9783.91,2922.94
2020-05-20,0.68,9497.76,2971.61
2020-05-21,0.68,9039.12,2948.51
2020-05-22,0.66,9173.23,2955.45
2020-05-23,,9166.02,
2020-05-24,,8673.64,
2020-05-25,,8892.39,
2020-05-26,0.69,8836.77,2991.77
2020-05-27,0.68,9200.0,3036.13
2020-05-28,0.7,9593.72,3029.73
2020-05-29,0.65,9426.87,3044.31
2020-05-30,,9684.6,
2020-05-31,,9435.8,
2020-06-01,0.66,10212.38,3055.73
2020-06-02,0.68,9509.35,3080.82
2020-06-03,0.77,9672.67,3122.87
2020-06-04,0.82,9799.57,3112.35
2020-06-05,0.91,9568.95,3193.93
2020-06-06,,9665.36,
2020-06-07,,9764.0,
2020-06-08,0.88,9833.94,3232.39
2020-06-09,0.84,9778.6,3207.18
2020-06-10,0.75,9899.18,3190.14
2020-06-11,0.66,9258.7,3002.1
2020-06-12,0.71,9466.77,3041.31
2020-06-13,,9477.17,
2020-06-14,,9315.71,
2020-06-15,0.71,9437.23,3066.59
2020-06-16,0.75,9534.8,3124.74
2020-06-17,0.74,9460.53,3113.49
2020-06-18,0.71,9368.15,3115.34
2020-06-19,0.7,9285.54,3097.74
2020-06-20,,9361.81,
2020-06-21,,9279.68,
2020-06-22,0.71,9700.91,3117.86
2020-06-23,0.72,9623.74,3131.29
2020-06-24,0.69,9284.1,3050.33
2020-06-25,0.68,9232.84,3083.76
2020-06-26,0.64,9157.22,3009.05
2020-06-27,,9001.24,
2020-06-28,,9122.56,
2020-06-29,0.64,9191.05,3053.24
2020-06-30,0.66,9129.47,3100.29
2020-07-01,0.69,9239.09,3115.86
2020-07-02,0.68,9088.54,3130.01
2020-07-03,,9050.05,
2020-07-04,,9138.22,
2020-07-05,,9088.52,
2020-07-06,0.69,9331.69,3179.72
2020-07-07,0.65,9263.56,3145.32
2020-07-08,0.67,9436.01,3169.94
2020-07-09,0.62,9230.48,3152.05
2020-07-10,0.65,9298.16,3185.04
2020-07-11,,9235.0,
2020-07-12,,9313.77,
2020-07-13,0.64,9230.14,3155.22
2020-07-14,0.63,9258.34,3197.52
2020-07-15,0.64,9194.51,3226.56
2020-07-16,0.62,9130.91,3215.57
2020-07-17,0.64,9147.65,3224.73
2020-07-18,,9174.6,
2020-07-19,,9221.71,
2020-07-20,0.62,9161.13,3251.84
2020-07-21,0.61,9396.65,3257.3
2020-07-22,0.6,9546.31,3276.02
2020-07-23,0.59,9612.05,3235.66
2020-07-24,0.59,9553.41,3215.63
2020-07-25,,9709.02,
2020-07-26,,9944.58,
2020-07-27,0.62,11108.44,3239.41
2020-07-28,0.59,10952.85,3218.44
2020-07-29,0.58,11100.39,3258.44
2020-07-30,0.55,11139.67,3246.22
2020-07-31,0.55,11372.76,3271.12
2020-08-01,,11805.82,
2020-08-02,,11050.03,
2020-08-03,0.56,11235.44,3294.61
2020-08-04,0.52,11198.04,3306.51
2020-08-05,0.55,11737.59,3327.77
2020-08-06,0.55,11766.62,3349.16
2020-08-07,0.57,11598.96,3351.28
2020-08-08,,11780.14,
2020-08-09,,11692.76,
2020-08-10,0.59,11896.19,3360.47
2020-08-11,0.64,11387.01,3333.69
2020-08-12,0.69,11563.16,3380.35
2020-08-13,0.71,11824.99,3373.43
2020-08-14,0.71,11785.29,3372.85
2020-08-15,,11854.27,
2020-08-16,,11924.0,
2020-08-17,0.69,12325.1,3381.99
2020-08-18,0.67,11983.52,3389.78
2020-08-19,0.68,11764.8,3374.85
2020-08-20,0.65,11856.24,3385.51
2020-08-21,0.64,11526.32,3397.16
2020-08-22,,11675.78,
2020-08-23,,11650.03,
2020-08-24,0.65,11762.34,3431.28
2020-08-25,0.69,11324.86,3443.62
2020-08-26,0.69,11460.01,3478.73
2020-08-27,0.74,11341.73,3484.55
2020-08-28,0.74,11540.0,3508.01
2020-08-29,,11468.56,
2020-08-30,,11724.99,
2020-08-31,0.72,11665.93,3500.31
2020-09-01,0.68,11911.74,3526.65
2020-09-02,0.66,11390.12,3580.84
2020-09-03,0.63,10225.82,3455.06
2020-09-04,0.72,,3426.96
2020-09-05,,10152.97,
2020-09-06,,10255.2,
2020-09-07,,10389.85,
2020-09-08,0.69,10123.21,3331.84
2020-09-09,0.71,10235.0,3398.96
2020-09-10,0.68,10345.95,3339.19
2020-09-11,0.67,10399.99,3340.97
2020-09-12,,10444.01,
2020-09-13,,10336.28,
2020-09-14,0.68,10679.33,3383.54
2020-09-15,0.68,10789.8,3401.2
2020-09-16,0.69,10953.38,3385.49
2020-09-17,0.69,10947.83,3357.01
2020-09-18,0.7,10942.2,3319.47
2020-09-19,,11075.33,
2020-09-20,,10911.59,
2020-09-21,0.68,10425.85,3281.06
2020-09-22,0.68,10529.01,3315.57
2020-09-23,0.68,10230.11,3236.92
2020-09-24,0.67,10741.0,3246.59
2020-09-25,0.66,10693.3,3298.46
2020-09-26,,10730.23,
2020-09-27,,10792.18,
2020-09-28,0.67,10681.01,3351.6
2020-09-29,0.66,10845.9,3335.47
2020-09-30,0.69,10783.24,3363.0
2020-10-01,0.68,10598.64,3380.8
2020-10-02,0.7,10577.92,3348.44
2020-10-03,,10545.21,
2020-10-04,,10662.36,
2020-10-05,0.78,10800.0,3408.63
2020-10-06,0.76,10594.15,3360.95
2020-10-07,0.81,10671.23,3419.45
2020-10-08,0.78,10926.71,3446.83
2020-10-09,0.79,11059.3,3477.13
2020-10-10,,11303.56,
2020-10-11,,11370.45,
2020-10-12,,11534.83,3534.22
2020-10-13,0.74,11434.36,3511.93
2020-10-14,0.73,11426.87,3488.67
2020-10-15,0.74,11509.25,3483.34
2020-10-16,0.76,11329.33,3483.81
2020-10-17,,11365.96,
2020-10-18,,11516.56,
2020-10-19,0.78,11765.09,3426.92
2020-10-20,0.81,11917.34,3443.12
2020-10-21,0.83,12836.37,3435.56
2020-10-22,0.87,12977.02,3453.49
2020-10-23,0.85,12943.03,3465.39
2020-10-24,,13120.87,
2020-10-25,,13050.32,
2020-10-26,0.81,13072.95,3400.97
2020-10-27,0.79,13698.18,3390.68
2020-10-28,0.79,13280.0,3271.03
2020-10-29,0.85,13460.0,3310.11
2020-10-30,0.88,13582.97,3269.96
2020-10-31,,13745.02,
2020-11-01,,13784.52,
2020-11-02,0.87,13573.93,3310.24
2020-11-03,0.9,14050.59,3369.16
2020-11-04,0.78,14160.0,3443.44
2020-11-05,0.79,15636.6,3510.45
2020-11-06,0.83,15596.33,3509.44
2020-11-07,,14814.62,
2020-11-08,,15487.88,
2020-11-09,0.96,15334.37,3550.5
2020-11-10,0.98,15325.25,3545.53
2020-11-11,,15723.81,3572.66
2020-11-12,0.88,16319.72,3537.01
2020-11-13,0.89,16339.59,3585.15
2020-11-14,,16093.3,
2020-11-15,,15946.64,
2020-11-16,0.91,16714.58,3626.91
2020-11-17,0.87,17660.9,3609.53
2020-11-18,0.88,17802.82,3567.79
2020-11-19,0.86,17804.44,3581.87
2020-11-20,0.83,18702.87,3557.54
2020-11-21,,18710.14,
2020-11-22,,18477.48,
2020-11-23,0.86,18391.21,3577.59
2020-11-24,0.88,19185.07,3635.41
2020-11-25,0.88,18706.15,3629.65
2020-11-26,,17173.0,
2020-11-27,0.84,17156.99,3638.35
2020-11-28,,17718.3,
2020-11-29,,18238.52,
2020-11-30,0.84,19727.0,3621.63
2020-12-01,0.92,18763.35,3662.45
2020-12-02,0.95,19245.61,3669.01
2020-12-03,0.92,19430.07,3666.72
2020-12-04,0.97,18692.32,3699.12
2020-12-05,,19156.82,
2020-12-06,,19397.08,
2020-12-07,0.94,19202.88,3691.96
2020-12-08,0.92,18311.76,3702.25
2020-12-09,0.95,18550.01,3672.82
2020-12-10,0.92,18286.8,3668.1
2020-12-11,0.9,18048.14,3663.46
2020-12-12,,18826.36,
2020-12-13,,19133.04,
2020-12-14,0.9,19288.43,3647.49
2020-12-15,0.92,19451.34,3694.62
2020-12-16,0.92,21384.63,3701.17
2020-12-17,0.94,22830.34,3722.48
2020-12-18,0.95,23169.26,3709.41
2020-12-19,,23814.91,
2020-12-20,,23451.68,
2020-12-21,0.95,22777.26,3694.92
2020-12-22,0.93,23839.99,3687.26
2020-12-23,0.96,23196.57,3690.01
2020-12-24,0.94,23740.01,3703.06
2020-12-25,,24736.42,
2020-12-26,,26519.1,
2020-12-27,,26320.06,
2020-12-28,0.94,27044.14,3735.36
2020-12-29,0.94,27407.85,3727.04
2020-12-30,0.93,28934.56,3732.04
2020-12-31,0.93,29026.97,3756.07
2021-01-01,,29391.09,
2021-01-02,,32244.73,
2021-01-03,,33134.1,
2021-01-04,0.93,32127.31,3700.65
2021-01-05,0.96,34131.23,3726.86
2021-01-06,1.04,36979.81,3748.14
2021-01-07,1.08,39573.39,3803.79
2021-01-08,1.13,40666.72,3824.68
2021-01-09,,40346.3,
2021-01-10,,38242.02,
2021-01-11,1.15,35474.31,3799.61
2021-01-12,1.15,33968.43,3801.19
2021-01-13,1.1,37520.66,3809.84
2021-01-14,1.15,39171.12,3795.54
2021-01-15,1.11,36868.39,3768.25
2021-01-16,,35869.47,
2021-01-17,,35931.15,
2021-01-18,,36765.97,
2021-01-19,1.1,35673.03,3798.91
2021-01-20,1.1,35570.44,3851.85
2021-01-21,1.12,30647.26,3853.07
2021-01-22,1.1,32885.51,3841.47
2021-01-23,,32021.33,
2021-01-24,,32250.01,
2021-01-25,1.05,31979.0,3855.36
2021-01-26,1.05,32579.82,3849.62
2021-01-27,1.04,30552.06,3750.77
2021-01-28,1.07,33484.8,3787.38
2021-01-29,1.11,34330.14,3714.24
2021-01-30,,34229.25,
2021-01-31,,33076.09,
2021-02-01,1.09,33457.6,3773.86
2021-02-02,1.12,35511.07,3826.31
2021-02-03,1.15,37769.41,3830.17
2021-02-04,1.15,37070.87,3871.74
2021-02-05,1.19,38376.86,3886.83
2021-02-06,,38995.52,
2021-02-07,,38888.74,
2021-02-08,1.19,46674.44,3915.59
2021-02-09,1.18,46595.44,3911.23
2021-02-10,1.15,44887.29,3909.88
2021-02-11,1.16,48121.0,3916.38
2021-02-12,1.2,47524.18,3934.83
2021-02-13,,47274.23,
2021-02-14,,48703.26,
2021-02-15,,47911.87,
2021-02-16,1.3,49257.23,3932.59
2021-02-17,1.29,52269.84,3931.33
2021-02-18,1.29,51644.16,3913.97
2021-02-19,1.34,56029.51,3906.71
2021-02-20,,55960.05,
2021-02-21,,57538.47,
2021-02-22,1.37,54130.33,3876.5
2021-02-23,1.37,48972.11,3881.37
2021-02-24,1.38,49789.99,3925.43
2021-02-25,1.54,46927.73,3829.34
2021-02-26,1.44,46360.17,3811.15
2021-02-27,,45973.56,
2021-02-28,,45352.29,
2021-03-01,1.45,49652.19,3901.82
2021-03-02,1.42,48368.22,3870.29
2021-03-03,1.47,50164.67,3819.72
2021-03-04,1.54,48327.39,3768.47
2021-03-05,1.56,48908.09,3841.94
2021-03-06,,48986.85,
2021-03-07,,50858.34,
2021-03-08,1.59,52472.59,3821.35
2021-03-09,1.55,54999.99,3875.44
2021-03-10,1.53,56046.27,3898.81
2021-03-11,1.54,57911.02,3939.34
2021-03-12,1.64,57174.89,3943.34
2021-03-13,,61130.22,
2021-03-14,,59192.98,
2021-03-15,1.62,55430.19,3968.94
2021-03-16,1.62,57126.52,3962.71
2021-03-17,1.63,59221.23,3974.12
2021-03-18,1.71,57562.46,3915.46
2021-03-19,1.74,58001.29,3913.1
2021-03-20,,58051.01,
2021-03-21,,57402.03,
2021-03-22,1.69,54230.21,3940.59
2021-03-23,1.63,54268.81,3910.52
2021-03-24,1.62,52294.65,3889.14
2021-03-25,1.63,51386.2,3909.52
2021-03-26,1.67,55314.11,3974.54
2021-03-27,,55932.18,
2021-03-28,,55821.59,
2021-03-29,1.73,57630.72,3971.09
2021-03-30,1.73,58800.0,3958.55
2021-03-31,1.74,58837.71,3972.89
2021-04-01,1.69,58768.84,4019.87
2021-04-02,1.72,59019.55,
2021-04-03,,56731.0,
2021-04-04,,58266.39,
2021-04-05,1.73,59200.0,4077.91
2021-04-06,1.67,58018.31,4073.94
2021-04-07,1.68,55962.11,4079.95
2021-04-08,1.64,58108.65,4097.17
2021-04-09,1.67,58126.14,4128.8
2021-04-10,,60039.35,
2021-04-11,,60133.37,
2021-04-12,1.69,59903.04,4127.99
2021-04-13,1.64,63660.94,4141.59
2021-04-14,1.64,63283.43,4124.66
2021-04-15,1.56,63346.93,4170.42
2021-04-16,1.59,61486.08,4185.47
2021-04-17,,60199.33,
2021-04-18,,56351.2,
2021-04-19,1.61,55797.39,4163.26
2021-04-20,1.58,56514.9,4134.94
2021-04-21,1.57,53919.48,4173.42
2021-04-22,1.57,51653.27,4134.98
2021-04-23,1.58,51231.69,4180.17
2021-04-24,,50167.5,
2021-04-25,,49272.06,
2021-04-26,1.58,53969.71,4187.62
2021-04-27,1.63,55120.81,4186.72
2021-04-28,1.63,54964.11,4183.18
2021-04-29,1.65,53562.87,4211.47
2021-04-30,1.65,57640.17,4181.17
2021-05-01,,57868.94,
2021-05-02,,56631.64,
2021-05-03,1.63,57213.29,4192.66
2021-05-04,1.61,53128.68,4164.66
2021-05-05,1.59,57518.01,4167.59
2021-05-06,1.58,56485.77,4201.62
2021-05-07,1.6,57373.88,4232.6
2021-05-08,,59045.17,
2021-05-09,,58410.34,
2021-05-10,1.63,55936.77,4188.43
2021-05-11,1.64,56719.0,4152.1
2021-05-12,1.69,49095.57,4063.04
2021-05-13,1.66,49635.45,4112.5
2021-05-14,1.63,49923.92,4173.85
2021-05-15,,46984.74,
2021-05-16,,46523.31,
2021-05-17,1.64,43768.74,4163.29
2021-05-18,1.64,42989.8,4127.83
2021-05-19,1.68,37236.61,4115.68
2021-05-20,1.63,40749.78,4159.12
2021-05-21,1.63,37425.0,4155.86
2021-05-22,,37383.34,
2021-05-23,,34927.4,
2021-05-24,1.61,38725.06,4197.05
2021-05-25,1.56,38370.0,4188.13
2021-05-26,1.58,39213.41,4195.99
2021-05-27,1.61,38368.17,4200.88
2021-05-28,1.58,35770.0,4204.11
2021-05-29,,34621.64,
2021-05-30,,35545.27,
2021-05-31,,37153.71,
2021-06-01,1.62,36764.58,4202.04
2021-06-02,1.59,37501.36,4208.12
2021-06-03,1.63,39215.09,4192.85
2021-06-04,1.56,36895.48,4229.89
2021-06-05,,35565.0,
2021-06-06,,35873.42,
2021-06-07,1.57,33816.09,4226.52
2021-06-08,1.53,33432.26,4227.26
2021-06-09,1.5,37357.02,4219.55
2021-06-10,1.45,36717.51,4239.18
2021-06-11,1.47,37282.15,4247.44
2021-06-12,,35609.66,
2021-06-13,,39122.03,
2021-06-14,1.51,40496.92,4255.15
2021-06-15,1.51,40093.93,4246.59
2021-06-16,1.57,38394.4,4223.7
2021-06-17,1.52,38027.63,4221.86
2021-06-18,1.45,35777.39,4166.45
2021-06-19,,35498.24,
2021-06-20,,35565.82,
2021-06-21,1.5,31686.69,4224.79
2021-06-22,1.48,32508.26,4246.44
2021-06-23,1.5,33688.35,4241.84
2021-06-24,1.49,34695.34,4266.49
2021-06-25,1.54,31704.87,4280.7
2021-06-26,,32265.95,
2021-06-27,,34596.99,
2021-06-28,1.49,34541.8,4290.61
2021-06-29,1.49,35928.75,4291.8
2021-06-30,1.45,34995.83,4297.5
2021-07-01,1.48,33538.49,4319.94
2021-07-02,1.44,33832.49,4352.34
2021-07-03,,34633.93,
2021-07-04,,35126.9,
2021-07-05,,33673.22,
2021-07-06,1.37,34193.9,4343.54
2021-07-07,1.33,33791.0,4358.13
2021-07-08,1.3,32878.23,4320.82
2021-07-09,1.37,33766.87,4369.55
2021-07-10,,33547.19,
2021-07-11,,34236.21,
2021-07-12,1.38,33096.86,4384.63
2021-07-13,1.42,32768.54,4369.21
2021-07-14,1.37,32817.18,4374.3
2021-07-15,1.31,31891.09,4360.03
2021-07-16,1.31,31408.78,4327.16
2021-07-17,,31503.78,
2021-07-18,,31753.02,
2021-07-19,1.19,30849.9,4258.49
2021-07-20,1.23,29788.61,4323.06
2021-07-21,1.3,32086.04,4358.69
2021-07-22,1.27,32327.95,4367.48
2021-07-23,1.3,33700.0,4411.79
2021-07-24,,34275.43,
2021-07-25,,35368.57,
2021-07-26,1.29,37269.12,4422.3
2021-07-27,1.25,39381.82,4401.46
2021-07-28,1.26,40031.56,4400.64
2021-07-29,1.28,40024.94,4419.15
2021-07-30,1.24,42188.95,4395.26
2021-07-31,,41472.42,
2021-08-01,,39816.76,
2021-08-02,1.2,39146.69,4387.16
2021-08-03,1.19,38207.27,4423.15
2021-08-04,1.19,39730.0,4402.66
2021-08-05,1.23,40893.75,4429.1
2021-08-06,1.31,42827.76,4436.52
2021-08-07,,44488.87,
2021-08-08,,43933.26,
2021-08-09,1.33,46208.5,4432.35
2021-08-10,1.36,45565.76,4436.75
2021-08-11,1.35,45482.95,4447.7
2021-08-12,1.36,44454.37,4460.83
2021-08-13,1.29,47765.41,4468.0
2021-08-14,,47134.61,
2021-08-15,,47090.0,
2021-08-16,1.26,45930.71,4479.71
2021-08-17,1.26,44718.51,4448.08
2021-08-18,1.27,44735.2,4400.27
2021-08-19,1.24,46736.74,4405.8
2021-08-20,1.26,49350.99,4441.67
2021-08-21,,48896.95,
2021-08-22,,49328.47,
2021-08-23,1.25,49464.66,4479.53
2021-08-24,1.29,47770.4,4486.23
2021-08-25,1.35,48985.05,4496.19
2021-08-26,1.34,46770.6,4470.0
2021-08-27,1.31,49082.04,4509.37
2021-08-28,,48963.41,
2021-08-29,,48770.78,
2021-08-30,1.29,46924.16,4528.79
2021-08-31,1.3,47065.73,4522.68
2021-09-01,1.31,48889.19,4524.09
2021-09-02,1.29,49273.33,4536.95
2021-09-03,1.33,49919.31,4535.43
2021-09-04,,49949.07,
2021-09-05,,51782.76,
2021-09-06,,52691.2,
2021-09-07,1.38,46943.82,4520.03
2021-09-08,1.35,46022.48,4514.07
2021-09-09,1.3,46414.58,4493.28
2021-09-10,1.35,44897.75,4458.58
2021-09-11,,45127.48,
2021-09-12,,46010.13,
2021-09-13,1.33,44969.02,4468.73
2021-09-14,1.28,47096.48,4443.05
2021-09-15,1.31,48106.71,4480.7
2021-09-16,1.34,47772.7,4473.75
2021-09-17,1.37,47337.8,4432.99
2021-09-18,,48300.04,
2021-09-19,,47270.75,
2021-09-20,1.31,42991.14,4357.73
2021-09-21,1.33,40656.13,4354.19
2021-09-22,1.32,43544.09,4395.64
2021-09-23,1.41,44892.71,4448.98
2021-09-24,1.47,42816.65,4455.48
2021-09-25,,42682.26,
2021-09-26,,43142.04,
2021-09-27,1.48,42214.52,4443.11
2021-09-28,1.54,41006.19,4352.63
2021-09-29,1.55,41522.49,4359.46
2021-09-30,1.52,43834.03,4307.54
2021-10-01,1.48,48145.34,4357.04
2021-10-02,,47692.85,
2021-10-03,,48179.83,
2021-10-04,1.49,49248.68,4300.46
2021-10-05,1.54,51441.74,4345.72
2021-10-06,1.53,55278.64,4363.55
2021-10-07,1.58,53844.74,4399.76
2021-10-08,1.61,53983.21,4391.34
2021-10-09,,54951.3,
2021-10-10,,54655.3,
2021-10-11,,57440.05,4361.19
2021-10-12,1.59,56019.29,4350.65
2021-10-13,1.56,57372.59,4363.8
2021-10-14,1.52,57327.09,4438.26
2021-10-15,1.59,61682.48,4471.37
2021-10-16,,60880.85,
2021-10-17,,61541.01,
2021-10-18,1.59,62036.95,4486.46
2021-10-19,1.65,64353.53,4519.63
2021-10-20,1.65,66005.17,4536.19
2021-10-21,1.68,62152.09,4549.78
2021-10-22,1.66,60671.75,4544.9
2021-10-23,,61308.09,
2021-10-24,,60889.41,
2021-10-25,1.64,63102.83,4566.48
2021-10-26,1.63,60341.21,4574.79
2021-10-27,1.54,58517.61,4551.68
2021-10-28,1.57,60577.62,4596.42
2021-10-29,1.55,62316.4,4605.38
2021-10-30,,62062.88,
2021-10-31,,61333.45,
2021-11-01,1.58,60950.0,4613.67
2021-11-02,1.56,63357.2,4630.65
2021-11-03,1.6,62944.4,4660.57
2021-11-04,1.53,61499.24,4680.06
2021-11-05,1.45,61000.01,4697.53
2021-11-06,,61539.3,
2021-11-07,,63433.66,
2021-11-08,1.51,67510.06,4701.7
2021-11-09,1.46,66967.98,4685.25
2021-11-10,1.56,64896.86,4646.71
2021-11-11,,64793.69,4649.27
2021-11-12,1.58,64158.51,4682.85
2021-11-13,,64482.54,
2021-11-14,,65714.05,
2021-11-15,1.63,63441.68,4682.8
2021-11-16,1.63,60147.32,4700.9
2021-11-17,1.6,60314.28,4688.67
2021-11-18,1.59,57017.38,4704.54
2021-11-19,1.54,58187.85,4697.96
2021-11-20,,59771.71,
2021-11-21,,58742.9,
2021-11-22,1.63,56254.57,4682.94
2021-11-23,1.67,57599.99,4690.7
2021-11-24,1.64,57255.24,4701.46
2021-11-25,,59022.44,
2021-11-26,1.48,53839.39,4594.62
2021-11-27,,54665.93,
2021-11-28,,57471.87,
2021-11-29,1.52,57828.33,4655.27
2021-11-30,1.43,56879.47,4567.0
2021-12-01,1.43,57228.47,4513.04
2021-12-02,1.44,56566.29,4577.1
2021-12-03,1.35,53681.96,4538.43
2021-12-04,,49335.0,
2021-12-05,,49511.76,
2021-12-06,1.43,50588.91,4591.67
2021-12-07,1.48,50676.09,4686.75
2021-12-08,1.52,50531.51,4701.21
2021-12-09,1.49,47639.07,4667.45
2021-12-10,1.48,47268.48,4712.02
2021-12-11,,49432.46,
2021-12-12,,50065.39,
2021-12-13,1.42,46639.86,4668.97
2021-12-14,1.44,48343.16,4634.09
2021-12-15,1.47,48885.97,4709.85
2021-12-16,1.44,47605.48,4668.67
2021-12-17,1.41,46240.15,4620.64
2021-12-18,,46813.13,
2021-12-19,,46683.77,
2021-12-20,1.43,46963.71,4568.02
2021-12-21,1.48,48954.47,4649.23
2021-12-22,1.46,48646.94,4696.56
2021-12-23,1.5,50840.46,4725.79
2021-12-24,,50815.7,
2021-12-25,,50395.07,
2021-12-26,,50841.73,
2021-12-27,1.48,50663.26,4791.19
2021-12-28,1.49,47594.55,4786.35
2021-12-29,1.55,46518.8,4793.06
2021-12-30,1.52,47097.85,4778.73
2021-12-31,1.52,46244.63,4766.18
2022-01-01,,47748.83,
2022-01-02,,47258.52,
2022-01-03,1.63,46519.76,4796.56
2022-01-04,1.66,45889.4,4793.54
2022-01-05,1.71,43422.85,4700.58
2022-01-06,1.73,43133.33,4696.05
2022-01-07,1.76,41656.16,4677.03
2022-01-08,,41667.48,
2022-01-09,,41838.78,
2022-01-10,1.78,41872.47,4670.29
2022-01-11,1.75,42771.24,4713.07
2022-01-12,1.74,43884.25,4726.35
2022-01-13,1.7,42617.64,4659.03
2022-01-14,1.78,43158.68,4662.85
2022-01-15,,43082.34,
2022-01-16,,43137.67,
2022-01-17,,42285.47,
2022-01-18,1.87,42411.61,4577.11
2022-01-19,1.83,41723.49,4532.76
2022-01-20,1.83,40696.22,4482.73
2022-01-21,1.75,36513.29,4397.94
2022-01-22,,35108.16,
2022-01-23,,36233.04,
2022-01-24,1.75,36643.49,4410.13
2022-01-25,1.78,36976.64,4356.45
2022-01-26,1.85,36838.9,4349.93
2022-01-27,1.81,37139.68,4326.51
2022-01-28,1.78,37677.8,4431.85
2022-01-29,,38166.62,
2022-01-30,,37918.6,
2022-01-31,1.79,38430.3,4515.55
2022-02-01,1.81,38745.11,4546.54
2022-02-02,1.78,36905.98,4589.38
2022-02-03,1.82,37238.31,4477.44
2022-02-04,1.93,41545.39,4500.53
2022-02-05,,41447.5,
2022-02-06,,42496.61,
2022-02-07,1.92,43897.96,4483.87
2022-02-08,1.96,44147.59,4521.54
2022-02-09,1.94,44402.94,4587.18
2022-02-10,2.03,43477.29,4504.08
2022-02-11,1.92,42391.54,4418.64
2022-02-12,,42217.48,
2022-02-13,,42097.33,
2022-02-14,1.98,42572.56,4401.67
2022-02-15,2.05,44469.73,4471.07
2022-02-16,2.03,43897.22,4475.01
2022-02-17,1.97,40553.82,4380.26
2022-02-18,1.92,39993.11,4348.87
2022-02-19,,40089.18,
2022-02-20,,38426.4,
2022-02-21,,37075.4,
2022-02-22,1.94,38261.46,4304.76
2022-02-23,1.99,37225.0,4225.5
2022-02-24,1.96,38367.61,4288.7
2022-02-25,1.97,39212.8,4384.65
2022-02-26,,39138.21,
2022-02-27,,37700.0,
2022-02-28,1.83,43206.02,4373.94
2022-03-01,1.72,44412.2,4306.26
2022-03-02,1.86,43862.75,4386.54
2022-03-03,1.86,42432.0,4363.49
2022-03-04,1.74,39205.77,4328.87
2022-03-05,,39390.89,
2022-03-06,,38432.11,
2022-03-07,1.78,38004.69,4201.09
2022-03-08,1.86,38724.21,4170.7
2022-03-09,1.94,41985.86,4277.88
2022-03-10,1.98,39454.87,4259.52
2022-03-11,2.0,38670.76,4204.31
2022-03-12,,38767.98,
2022-03-13,,37780.14,
2022-03-14,2.14,39644.88,4173.11
2022-03-15,2.15,39361.36,4262.45
2022-03-16,2.19,41109.85,4357.86
2022-03-17,2.2,40964.07,4411.67
2022-03-18,2.14,41806.03,4463.12
2022-03-19,,42219.55,
2022-03-20,,41271.13,
2022-03-21,2.32,41009.98,4461.18
2022-03-22,2.38,42359.88,4511.61
2022-03-23,2.32,42940.28,4456.24
2022-03-24,2.34,43979.48,4520.16
2022-03-25,2.48,44355.11,4543.06
2022-03-26,,44548.42,
2022-03-27,,46819.78,
2022-03-28,2.46,47191.31,4575.52
2022-03-29,2.41,47430.74,4631.6
2022-03-30,2.35,47022.82,4602.45
2022-03-31,2.32,45475.83,4530.41
2022-04-01,2.39,46222.43,4545.86
2022-04-02,,45871.46,
2022-04-03,,46358.05,
2022-04-04,2.42,46568.89,4582.64
2022-04-05,2.54,45449.25,4525.12
2022-04-06,2.61,43206.04,4481.15
2022-04-07,2.66,43432.08,4500.21
2022-04-08,2.72,42281.5,4488.28
2022-04-09,,42773.37,
2022-04-10,,42177.2,
2022-04-11,2.79,39615.2,4412.53
2022-04-12,2.72,40105.2,4397.45
2022-04-13,2.7,41101.04,4446.59
2022-04-14,2.83,39910.05,4392.59
2022-04-15,,40566.6,
2022-04-16,,40378.25,
2022-04-17,,39670.73,
2022-04-18,2.85,40817.48,4391.69
2022-04-19,2.93,41480.25,4462.21
2022-04-20,2.85,41350.25,4459.45
2022-04-21,2.9,40464.52,4393.66
2022-04-22,2.9,39708.2,4271.78
2022-04-23,,39468.1,
2022-04-24,,39489.71,
2022-04-25,2.81,40490.41,4296.12
2022-04-26,2.77,38102.78,4175.2
2022-04-27,2.82,39188.42,4183.96
2022-04-28,2.85,39737.71,4287.5
2022-04-29,2.89,38597.17,4131.93
2022-04-30,,37658.53,
2022-05-01,,38496.42,
2022-05-02,2.99,38488.36,4155.38
2022-05-03,2.97,37708.41,4175.48
2022-05-04,2.93,39671.83,4300.17
2022-05-05,3.05,36516.79,4146.87
2022-05-06,3.12,36013.22,4123.34
2022-05-07,,35445.54,
2022-05-08,,34089.76,
2022-05-09,3.05,30176.73,3991.24
2022-05-10,2.99,30961.83,4001.05
2022-05-11,2.91,29027.82,3935.18
2022-05-12,2.84,28959.93,3930.08
2022-05-13,2.93,29292.4,4023.89
2022-05-14,,30012.62,
2022-05-15,,31258.75,
2022-05-16,2.88,29854.67,4008.01
2022-05-17,2.98,30391.04,4088.85
2022-05-18,2.89,28762.93,3923.68
2022-05-19,2.84,30258.84,3900.79
2022-05-20,2.78,29138.15,3901.36
2022-05-21,,29426.6,
2022-05-22,,30221.12,
2022-05-23,2.86,29095.68,3973.75
2022-05-24,2.76,29605.66,3941.48
2022-05-25,2.75,29487.83,3978.73
2022-05-26,2.75,29160.96,4057.84
2022-05-27,2.74,28608.55,4158.24
2022-05-28,,28974.3,
2022-05-29,,29441.17,
2022-05-30,,31691.54,
2022-05-31,2.85,31804.27,4132.15
2022-06-01,2.94,29779.16,4101.23
2022-06-02,2.92,30428.98,4176.82
2022-06-03,2.96,29684.67,4108.54
2022-06-04,,29832.02,
2022-06-05,,29893.98,
2022-06-06,3.04,31324.88,4121.43
2022-06-07,2.98,31073.76,4160.68
2022-06-08,3.03,30195.33,4115.77
2022-06-09,3.04,30070.71,4017.82
2022-06-10,3.15,29061.88,3900.86
2022-06-11,,28381.45,
2022-06-12,,26633.35,
2022-06-13,3.43,22333.0,3749.63
2022-06-14,3.49,22122.57,3735.48
2022-06-15,3.33,22544.07,3789.99
2022-06-16,3.28,20336.62,3666.77
2022-06-17,3.25,20421.22,3674.84
2022-06-18,,18989.21,
2022-06-19,,20520.28,
2022-06-20,,20534.33,
2022-06-21,3.31,20675.12,3764.79
2022-06-22,3.16,19997.23,3759.89
2022-06-23,3.09,21121.55,3795.73
2022-06-24,3.13,21206.32,3911.74
2022-06-25,,21474.76,
2022-06-26,,21025.22,
2022-06-27,3.2,20718.74,3900.11
2022-06-28,3.2,20251.34,3821.55
2022-06-29,3.1,20094.43,3818.83
2022-06-30,2.98,19837.58,3785.38
2022-07-01,2.88,19270.3,3825.33
2022-07-02,,19210.52,
2022-07-03,,19283.07,
2022-07-04,,20205.89,
2022-07-05,2.82,20171.1,3831.39
2022-07-06,2.93,20556.8,3845.08
2022-07-07,3.01,21657.39,3902.62
2022-07-08,3.09,21582.54,3899.38
2022-07-09,,21573.37,
2022-07-10,,20806.95,
2022-07-11,2.99,19942.91,3854.43
2022-07-12,2.96,19302.71,3818.8
2022-07-13,2.91,20206.62,3801.78
2022-07-14,2.96,20583.48,3790.38
2022-07-15,2.93,20838.39,3863.16
2022-07-16,,21195.28,
2022-07-17,,20762.12,
2022-07-18,2.96,22368.75,3830.85
2022-07-19,3.01,23410.92,3936.69
2022-07-20,3.04,23237.11,3959.9
2022-07-21,2.91,23140.92,3998.95
2022-07-22,2.77,22706.35,3961.63
2022-07-23,,22457.13,
2022-07-24,,22592.39,
2022-07-25,2.81,21248.31,3966.84
2022-07-26,2.81,21277.3,3921.05
2022-07-27,2.78,22986.74,4023.61
2022-07-28,2.68,23875.62,4072.43
2022-07-29,2.67,23817.5,4130.29
2022-07-30,,23643.31,
2022-07-31,,23296.14,
2022-08-01,2.6,23250.19,4118.63
2022-08-02,2.75,23005.22,4091.19
2022-08-03,2.73,22820.48,4155.17
2022-08-04,2.68,22604.63,4151.94
2022-08-05,2.83,23285.14,4145.19
2022-08-06,,22960.16,
2022-08-07,,23187.41,
2022-08-08,2.77,23824.9,4140.06
2022-08-09,2.8,23138.91,4122.47
2022-08-10,2.78,23982.75,4210.24
2022-08-11,2.87,23956.28,4207.27
2022-08-12,2.84,24398.29,4280.15
2022-08-13,,24447.08,
2022-08-14,,24301.71,
2022-08-15,2.79,24092.27,4297.14
2022-08-16,2.82,23861.8,4305.2
2022-08-17,2.89,23357.89,4274.04
2022-08-18,2.88,23175.9,4283.74
2022-08-19,2.98,20850.04,4228.48
2022-08-20,,21151.45,
2022-08-21,,21513.86,
2022-08-22,3.03,21403.82,4137.99
2022-08-23,3.05,21529.34,4128.73
2022-08-24,3.11,21358.67,4140.77
2022-08-25,3.03,21518.35,4199.12
2022-08-26,3.04,20230.18,4057.66
2022-08-27,,20018.43,
2022-08-28,,19582.83,
2022-08-29,3.12,20291.07,4030.61
2022-08-30,3.11,19835.7,3986.16
2022-08-31,3.15,20025.48,3955.0
2022-09-01,3.26,20112.51,3966.85
2022-09-02,3.2,19946.87,3924.26
2022-09-03,,19840.11,
2022-09-04,,20006.54,
2022-09-05,,19807.74,
2022-09-06,3.33,18777.0,3908.19
2022-09-07,3.27,19286.23,3979.87
2022-09-08,3.29,19320.01,4006.18
2022-09-09,3.33,21355.55,4067.36
2022-09-10,,21660.39,
2022-09-11,,21818.08,
2022-09-12,3.37,22412.6,4110.41
2022-09-13,3.42,20164.09,3932.69
2022-09-14,3.41,20216.63,3946.01
2022-09-15,3.45,19690.75,3901.35
2022-09-16,3.45,19784.17,3873.33
2022-09-17,,20117.18,
2022-09-18,,19425.05,
2022-09-19,3.49,19553.1,3899.89
2022-09-20,3.57,18869.22,3855.93
2022-09-21,3.51,18488.54,3789.93
2022-09-22,3.7,19402.35,3757.99
2022-09-23,3.69,19304.43,3693.23
2022-09-24,,18944.06,
2022-09-25,,18788.61,
2022-09-26,3.88,19224.81,3655.04
2022-09-27,3.97,19072.97,3647.29
2022-09-28,3.72,19407.62,3719.04
2022-09-29,3.76,19610.61,3640.47
2022-09-30,3.83,19415.8,3585.62
2022-10-01,,19308.76,
2022-10-02,,19072.29,
2022-10-03,3.67,19640.84,3678.43
2022-10-04,3.62,20344.37,3790.93
2022-10-05,3.76,20152.33,3783.28
2022-10-06,3.83,19962.19,3744.52
2022-10-07,3.89,19524.22,3639.66
2022-10-08,,19409.72,
2022-10-09,,19437.02,
2022-10-10,,19104.67,3612.39
2022-10-11,3.93,19069.69,3588.84
2022-10-12,3.91,19157.32,3577.03
2022-10-13,3.97,19382.53,3669.91
2022-10-14,4.0,19187.64,3583.07
2022-10-15,,19074.41,
2022-10-16,,19270.79,
2022-10-17,4.02,19565.96,3677.95
2022-10-18,4.01,19334.77,3719.98
2022-10-19,4.14,19122.17,3695.16
2022-10-20,4.24,19046.77,3665.78
2022-10-21,4.21,19172.57,3752.75
2022-10-22,,19210.62,
2022-10-23,,19563.5,
2022-10-24,4.25,19332.45,3797.34
2022-10-25,4.1,20113.74,3859.11
2022-10-26,4.04,20760.56,3830.6
2022-10-27,3.96,20287.17,3807.3
2022-10-28,4.02,20594.01,3901.06
2022-10-29,,20831.19,
2022-10-30,,20634.95,
2022-10-31,4.1,20472.79,3871.98
2022-11-01,4.07,20479.49,3856.1
2022-11-02,4.1,20148.56,3759.69
2022-11-03,4.14,20205.32,3719.89
2022-11-04,4.17,21157.96,3770.55
2022-11-05,,21304.72,
2022-11-06,,20912.34,
2022-11-07,4.22,20578.77,3806.8
2022-11-08,4.14,18561.6,3828.11
2022-11-09,4.12,15850.62,3748.57
2022-11-10,3.82,17573.15,3956.37
2022-11-11,,16997.14,3992.93
2022-11-12,,16777.73,
2022-11-13,,16290.62,
2022-11-14,3.88,16576.49,3957.25
2022-11-15,3.8,16869.14,3991.73
2022-11-16,3.67,16660.48,3958.79
2022-11-17,3.77,16677.36,3946.56
2022-11-18,3.82,16673.07,3965.34
2022-11-19,,16667.74,
2022-11-20,,16261.22,
2022-11-21,3.83,15755.75,3949.94
2022-11-22,3.76,16206.32,4003.58
2022-11-23,3.71,16597.46,4027.26
2022-11-24,,16579.3,
2022-11-25,3.68,16508.49,4026.12
2022-11-26,,16452.39,
2022-11-27,,16428.77,
2022-11-28,3.69,16193.89,3963.94
2022-11-29,3.75,16441.63,3957.63
2022-11-30,3.68,17179.78,4080.11
2022-12-01,3.53,16980.55,4076.57
2022-12-02,3.51,17099.27,4071.7
2022-12-03,,16883.68,
2022-12-04,,17102.35,
2022-12-05,3.6,16970.79,3998.84
2022-12-06,3.51,17089.95,3941.26
2022-12-07,3.42,16844.05,3933.92
2022-12-08,3.48,17228.23,3963.51
2022-12-09,3.57,17129.01,3934.38
2022-12-10,,17131.03,
2022-12-11,,17087.42,
2022-12-12,3.61,17209.62,3990.56
2022-12-13,3.51,17763.65,4019.65
2022-12-14,3.49,17815.79,3995.32
2022-12-15,3.44,17358.0,3895.75
2022-12-16,3.48,16627.33,3852.36
2022-12-17,,16785.87,
2022-12-18,,16754.6,
2022-12-19,3.57,16453.07,3817.66
2022-12-20,3.69,16893.02,3821.62
2022-12-21,3.68,16821.03,3878.44
2022-12-22,3.67,16819.21,3822.39
2022-12-23,3.75,16776.77,3844.82
2022-12-24,,16833.61,
2022-12-25,,16831.17,
2022-12-26,,16940.82,
2022-12-27,3.84,16693.38,3829.25
2022-12-28,3.88,16539.02,3783.22
2022-12-29,3.83,16626.11,3849.28
2022-12-30,3.88,16606.43,3839.5
2022-12-31,,16531.0,
2023-01-01,,16615.18,
2023-01-02,,16660.83,
2023-01-03,3.79,16670.38,3824.14
2023-01-04,3.69,16850.4,3852.97
2023-01-05,3.71,16824.98,3808.1
2023-01-06,3.55,16950.6,3895.08
2023-01-07,,16945.34,
2023-01-08,,17134.34,
2023-01-09,3.53,17181.15,3892.09
2023-01-10,3.61,17444.75,3919.25
2023-01-11,3.54,17942.22,3969.61
2023-01-12,3.43,18863.74,3983.17
2023-01-13,3.49,19909.21,3999.09
2023-01-14,,20970.85,
2023-01-15,,20871.25,
2023-01-16,,21186.93,
2023-01-17,3.53,21153.37,3990.97
2023-01-18,3.37,20710.89,3928.86
2023-01-19,3.39,21088.14,3898.85
2023-01-20,3.48,22686.85,3972.61
2023-01-21,,22785.59,
2023-01-22,,22706.71,
2023-01-23,3.52,22915.32,4019.81
2023-01-24,3.46,22612.34,4016.95
2023-01-25,3.46,23072.42,4016.22
2023-01-26,3.49,23028.35,4060.43
2023-01-27,3.52,23072.62,4070.56
2023-01-28,,23034.71,
2023-01-29,,23736.52,
2023-01-30,3.55,22832.32,4017.77
2023-01-31,3.52,23134.74,4076.6
2023-02-01,3.39,23740.02,4119.21
2023-02-02,3.4,23548.98,4179.76
2023-02-03,3.53,23426.4,4136.48
2023-02-04,,23318.95,
2023-02-05,,22938.03,
2023-02-06,3.63,22751.79,4111.08
2023-02-07,3.67,23260.42,4164.0
2023-02-08,3.63,22973.38,4117.86
2023-02-09,3.67,21804.16,4081.5
2023-02-10,3.74,21629.58,4090.46
2023-02-11,,21857.51,
2023-02-12,,21784.08,
2023-02-13,3.72,21786.33,4137.29
2023-02-14,3.77,22193.69,4136.13
2023-02-15,3.81,24340.76,4147.6
2023-02-16,3.86,23468.21,4090.41
2023-02-17,3.82,24562.04,4079.09
2023-02-18,,24626.23,
2023-02-19,,24316.05,
2023-02-20,,24835.63,
2023-02-21,3.95,24447.91,3997.34
2023-02-22,3.93,24187.63,3991.05
2023-02-23,3.88,23938.48,4012.32
2023-02-24,3.95,23181.45,3970.04
2023-02-25,,23157.01,
2023-02-26,,23551.19,
2023-02-27,3.92,23479.61,3982.24
2023-02-28,3.92,23146.93,3970.15
2023-03-01,4.01,23634.46,3951.39
2023-03-02,4.08,23469.09,3981.35
2023-03-03,3.97,22343.55,4045.64
2023-03-04,,22345.17,
2023-03-05,,22429.5,
2023-03-06,3.98,22419.33,4048.42
2023-03-07,3.97,22198.95,3986.37
2023-03-08,3.98,21712.64,3992.01
2023-03-09,3.93,20364.09,3918.32
2023-03-10,3.7,20227.02,3861.59
2023-03-11,,20607.79,
2023-03-12,,22284.36,
2023-03-13,3.55,24239.87,3855.76
2023-03-14,3.64,24786.83,3919.29
2023-03-15,3.51,24350.57,3891.93
2023-03-16,3.56,25040.11,3960.28
2023-03-17,3.39,27442.51,3916.64
2023-03-18,,26991.27,
2023-03-19,,28050.01,
2023-03-20,3.47,27818.07,3951.57
2023-03-21,3.59,28195.56,4002.87
2023-03-22,3.48,27324.09,3936.97
2023-03-23,3.38,28361.31,3948.72
2023-03-24,3.38,27488.93,3970.99
2023-03-25,,27485.45,
2023-03-26,,27987.14,
2023-03-27,3.53,27139.64,3977.53
2023-03-28,3.55,27273.12,3971.27
2023-03-29,3.57,28366.67,4027.81
2023-03-30,3.55,28036.88,4050.83
2023-03-31,3.48,28492.72,4109.31
2023-04-01,,28471.82,
2023-04-02,,28179.21,
2023-04-03,3.43,27807.81,4124.51
2023-04-04,3.35,28172.02,4100.6
2023-04-05,3.3,28187.68,4090.38
2023-04-06,3.3,28053.47,4105.02
2023-04-07,3.39,27927.15,
2023-04-08,,27959.5,
2023-04-09,,28337.04,
2023-04-10,3.41,29678.68,4109.11
2023-04-11,3.43,30243.93,4108.94
2023-04-12,3.41,29913.06,4091.95
2023-04-13,3.45,30412.73,4146.22
2023-04-14,3.52,30493.72,4137.64
2023-04-15,,30319.72,
2023-04-16,,30328.02,
2023-04-17,3.6,29449.98,4151.32
2023-04-18,3.58,30382.37,4154.87
2023-04-19,3.6,28814.51,4154.52
2023-04-20,3.54,28235.24,4129.79
2023-04-21,3.57,27259.0,4133.52
2023-04-22,,27812.19,
2023-04-23,,27582.31,
2023-04-24,3.52,27518.81,4137.04
2023-04-25,3.4,28321.6,4071.63
2023-04-26,3.43,28406.04,4055.99
2023-04-27,3.53,29502.8,4135.35
2023-04-28,3.44,29344.36,4169.48
2023-04-29,,29249.66,
2023-04-30,,29271.16,
2023-05-01,3.59,28056.44,4167.87
2023-05-02,3.44,28682.78,4119.58
2023-05-03,3.38,29047.44,4090.75
2023-05-04,3.37,28861.56,4061.22
2023-05-05,3.44,29514.95,4136.25
2023-05-06,,28907.66,
2023-05-07,,28425.0,
2023-05-08,3.52,27682.7,4138.12
2023-05-09,3.53,27647.15,4119.17
2023-05-10,3.43,27620.2,4137.64
2023-05-11,3.39,27007.95,4130.62
2023-05-12,3.46,26811.54,4124.08
2023-05-13,,26790.49,
2023-05-14,,26931.38,
2023-05-15,3.5,27178.3,4136.28
2023-05-16,3.54,27041.08,4109.9
2023-05-17,3.57,27417.13,4158.77
2023-05-18,3.65,26829.49,4198.05
2023-05-19,3.7,26877.99,4191.98
2023-05-20,,27116.58,
2023-05-21,,26749.85,
2023-05-22,3.72,26854.54,4192.63
2023-05-23,3.7,27223.75,4145.58
2023-05-24,3.73,26321.63,4115.24
2023-05-25,3.83,26488.5,4151.28
2023-05-26,3.8,26728.06,4205.45
2023-05-27,,26883.76,
2023-05-28,,28099.42,
2023-05-29,,27755.32,
2023-05-30,3.69,27696.65,4205.52
2023-05-31,3.64,27222.9,4179.83
2023-06-01,3.61,26837.1,4221.02
2023-06-02,3.69,27250.49,4282.37
2023-06-03,,27073.69,
2023-06-04,,27107.67,
2023-06-05,3.69,25751.24,4273.79
2023-06-06,3.7,27245.8,4283.85
2023-06-07,3.79,26347.69,4267.52
2023-06-08,3.73,26504.81,4293.93
2023-06-09,3.75,26483.2,4298.86
2023-06-10,,25831.06,
2023-06-11,,25946.74,
2023-06-12,3.73,25906.91,4338.93
2023-06-13,3.84,25933.04,4369.01
2023-06-14,3.83,25103.81,4372.59
2023-06-15,3.72,25542.36,4425.84
2023-06-16,3.77,26341.33,4409.59
2023-06-17,,26511.06,
2023-06-18,,26326.27,
2023-06-19,,26822.19,
2023-06-20,3.74,28315.01,4388.71
2023-06-21,3.72,29998.22,4365.69
2023-06-22,3.8,29885.29,4381.89
2023-06-23,3.74,30692.18,4348.33
2023-06-24,,30556.69,
2023-06-25,,30488.37,
2023-06-26,3.72,30279.98,4328.82
2023-06-27,3.77,30702.1,4378.41
2023-06-28,3.71,30102.6,4376.86
2023-06-29,3.85,30441.4,4396.44
2023-06-30,3.81,30475.82,4450.38
2023-07-01,,30585.0,
2023-07-02,,30616.01,
2023-07-03,3.86,31163.19,4455.59
2023-07-04,,30766.91,
2023-07-05,3.95,30492.71,4446.82
2023-07-06,4.05,29910.89,4411.59
2023-07-07,4.06,30337.33,4398.95
2023-07-08,,30301.5,
2023-07-09,,30171.1,
2023-07-10,4.01,30427.52,4409.53
2023-07-11,3.99,30636.22,4439.26
2023-07-12,3.86,30379.01,4472.16
2023-07-13,3.76,31471.53,4510.04
2023-07-14,3.83,30312.82,4505.42
2023-07-15,,30300.67,
2023-07-16,,30236.12,
2023-07-17,3.81,30150.4,4522.79
2023-07-18,3.8,29860.85,4554.98
2023-07-19,3.75,29918.57,4565.72
2023-07-20,3.85,29807.9,4534.87
2023-07-21,3.84,29907.14,4536.34
2023-07-22,,29806.09,
2023-07-23,,30082.77,
2023-07-24,3.86,29171.26,4554.64
2023-07-25,3.91,29221.74,4567.46
2023-07-26,3.86,29351.49,4566.75
2023-07-27,4.01,29213.16,4537.41
2023-07-28,3.96,29311.22,4582.23
2023-07-29,,29357.88,
2023-07-30,,29277.85,
2023-07-31,3.97,29223.31,4588.96
2023-08-01,4.05,29728.88,4576.73
2023-08-02,4.08,29155.83,4513.39
2023-08-03,4.2,29168.14,4501.89
2023-08-04,4.05,29073.7,4478.03
2023-08-05,,29045.71,
2023-08-06,,29040.44,
2023-08-07,4.09,29179.01,4518.44
2023-08-08,4.02,29774.42,4499.38
2023-08-09,4.0,29561.54,4467.71
2023-08-10,4.09,29418.09,4468.83
2023-08-11,4.16,29400.05,4464.05
2023-08-12,,29416.98,
2023-08-13,,29267.56,
2023-08-14,4.19,29397.35,4489.72
2023-08-15,4.21,29165.96,4437.86
2023-08-16,4.28,28694.33,4404.33
2023-08-17,4.3,26600.98,4370.36
2023-08-18,4.26,26043.99,4369.71
2023-08-19,,26081.24,
2023-08-20,,26187.2,
2023-08-21,4.34,26128.18,4399.77
2023-08-22,4.34,26038.42,4387.55
2023-08-23,4.19,26429.54,4436.01
2023-08-24,4.23,26168.12,4376.31
2023-08-25,4.25,26054.38,4405.71
2023-08-26,,26004.15,
2023-08-27,,26089.28,
2023-08-28,4.2,26102.51,4433.31
2023-08-29,4.12,27713.68,4497.63
2023-08-30,4.12,27297.11,4514.87
2023-08-31,4.09,25922.51,4507.66
2023-09-01,4.18,25802.02,4515.77
2023-09-02,,25871.43,
2023-09-03,,25972.64,
2023-09-04,,25814.79,
2023-09-05,4.27,25778.03,4496.83
2023-09-06,4.3,25748.1,4465.48
2023-09-07,4.27,26267.36,4451.14
2023-09-08,4.26,25906.35,4457.49
2023-09-09,,25898.48,
2023-09-10,,25835.33,
2023-09-11,4.29,25161.68,4487.46
2023-09-12,4.27,25852.36,4461.9
2023-09-13,4.25,26216.13,4467.44
2023-09-14,4.29,26531.31,4505.1
2023-09-15,4.33,26620.02,4450.32
2023-09-16,,26569.87,
2023-09-17,,26533.6,
2023-09-18,4.32,26767.54,4453.53
2023-09-19,4.37,27199.35,4443.95
2023-09-20,4.35,27119.41,4402.2
2023-09-21,4.49,26567.29,4330.0
2023-09-22,4.44,26582.63,4320.06
2023-09-23,,26580.31,
2023-09-24,,26229.29,
2023-09-25,4.55,26296.86,4337.44
2023-09-26,4.56,26200.13,4273.53
2023-09-27,4.61,26351.82,4274.51
2023-09-28,4.59,27035.82,4299.7
2023-09-29,4.59,26900.3,4288.05
2023-09-30,,26959.4,
2023-10-01,,27994.89,
2023-10-02,4.69,27517.12,4288.39
2023-10-03,4.81,27421.92,4229.45
2023-10-04,4.73,27782.29,4263.75
2023-10-05,4.72,27419.39,4258.19
2023-10-06,4.78,27949.12,4308.5
2023-10-07,,27974.08,
2023-10-08,,27937.62,
2023-10-09,,27587.43,4335.66
2023-10-10,4.66,27391.73,4358.24
2023-10-11,4.58,26851.85,4376.95
2023-10-12,4.7,26745.5,4349.61
2023-10-13,4.63,26859.1,4327.78
2023-10-14,,26857.29,
2023-10-15,,27155.34,
2023-10-16,4.71,28534.29,4373.63
2023-10-17,4.83,28408.19,4373.2
2023-10-18,4.91,28309.35,4314.6
2023-10-19,4.98,28734.51,4278.0
2023-10-20,4.93,29686.66,4224.16
2023-10-21,,29929.08,
2023-10-22,,29988.13,
2023-10-23,4.86,33106.86,4217.04
2023-10-24,4.83,33919.92,4247.68
2023-10-25,4.95,34489.91,4186.77
2023-10-26,4.86,34140.0,4137.23
2023-10-27,4.84,33905.16,4117.37
2023-10-28,,34071.32,
2023-10-29,,34557.72,
2023-10-30,4.88,34485.49,4166.82
2023-10-31,4.88,34667.88,4193.8
2023-11-01,4.77,35469.43,4237.86
2023-11-02,4.67,34935.25,4317.78
2023-11-03,4.57,34735.91,4358.34
2023-11-04,,35095.0,
2023-11-05,,35015.86,
2023-11-06,4.67,35063.96,4365.98
2023-11-07,4.58,35420.95,4378.38
2023-11-08,4.49,35581.68,4382.78
2023-11-09,4.62,36669.3,4347.35
2023-11-10,4.61,37305.81,4415.24
2023-11-11,,37156.47,
2023-11-12,,37093.34,
2023-11-13,4.63,36470.45,4411.55
2023-11-14,4.44,35552.8,4495.7
2023-11-15,4.53,37876.32,4502.88
2023-11-16,4.45,36150.03,4508.24
2023-11-17,4.44,36626.6,4514.02
2023-11-18,,36595.55,
2023-11-19,,37392.52,
2023-11-20,4.42,37476.08,4547.38
2023-11-21,4.41,35734.18,4538.19
2023-11-22,4.42,37443.86,4556.62
2023-11-23,,37298.0,
2023-11-24,4.47,37745.94,4559.34
2023-11-25,,37801.75,
2023-11-26,,37470.52,
2023-11-27,4.39,37244.39,4550.43
2023-11-28,4.34,37840.46,4554.89
2023-11-29,4.27,37864.76,4550.58
2023-11-30,4.37,37743.0,4567.8
2023-12-01,4.22,38714.0,4594.63
2023-12-02,,39467.65,
2023-12-03,,40028.84,
2023-12-04,4.28,41856.31,4569.78
2023-12-05,4.18,44060.06,4567.18
2023-12-06,4.12,43778.51,4549.34
2023-12-07,4.14,43305.91,4585.59
2023-12-08,4.23,44223.94,4604.37
2023-12-09,,43734.7,
2023-12-10,,43773.63,
2023-12-11,4.23,41205.53,4622.44
2023-12-12,4.2,41452.65,4643.7
2023-12-13,4.04,42927.11,4707.09
2023-12-14,3.92,43031.34,4719.55
2023-12-15,3.91,41939.81,4719.19
2023-12-16,,42230.0,
2023-12-17,,41387.55,
2023-12-18,3.95,42638.28,4740.56
2023-12-19,3.93,42252.2,4768.37
2023-12-20,3.86,43647.01,4698.35
2023-12-21,3.89,43876.98,4746.75
2023-12-22,3.9,44015.6,4754.63
2023-12-23,,43715.59,
2023-12-24,,43006.55,
2023-12-25,,43603.68,
2023-12-26,3.89,42520.26,4774.75
2023-12-27,3.79,43444.45,4781.58
2023-12-28,3.84,42613.04,4783.35
2023-12-29,3.88,42056.3,4769.83
2023-12-30,,42164.76,
2023-12-31,,42300.78,
2024-01-01,,44229.57,
